{"train loss": 1.267142653465271, "step": 23, "epoch": 1, "_timestamp": 1755919512.3148513, "_runtime": 13.774763345718384, "_step": 22, "_wandb": {"runtime": 22}}