{"train loss": 1.6403396129608154, "step": 1, "epoch": 1, "_timestamp": 1755920554.0551932, "_runtime": 19.683707237243652, "_step": 0, "_wandb": {"runtime": 22}}