{"train loss": 1.6723792552947998, "step": 2, "epoch": 1, "_timestamp": 1755925252.4597728, "_runtime": 3.3742587566375732, "_step": 1, "_wandb": {"runtime": 2}}