{"train loss": 0.07385364174842834, "step": 200, "epoch": 200, "_timestamp": 1755959581.5513692, "_runtime": 62.921255111694336, "_step": 199, "_wandb": {"runtime": 61}}